

INSERT INTO public.author (author_id, author_lastname, author_firstname) VALUES (1, 'Benoit', 'Jean');
INSERT INTO public.author (author_id, author_lastname, author_firstname) VALUES (2, 'Benoit', 'Jean');
INSERT INTO public.author (author_id, author_lastname, author_firstname) VALUES (3, 'Benoit', 'Jean');
INSERT INTO public.author (author_id, author_lastname, author_firstname) VALUES (4, 'Benoit', 'Jean');
INSERT INTO public.author (author_id, author_lastname, author_firstname) VALUES (6, 'Benoit', 'Jean');
INSERT INTO public.author (author_id, author_lastname, author_firstname) VALUES (7, 'Kisseime', 'Jean');
INSERT INTO public.author (author_id, author_lastname, author_firstname) VALUES (8, 'Kisseime', 'Jean');
INSERT INTO public.author (author_id, author_lastname, author_firstname) VALUES (9, 'Dupont', 'Jean');
INSERT INTO public.author (author_id, author_lastname, author_firstname) VALUES (5, 'Kisseime', 'Jean');
INSERT INTO public.author (author_id, author_lastname, author_firstname) VALUES (10, 'Bechtelar', 'Lesley');
INSERT INTO public.author (author_id, author_lastname, author_firstname) VALUES (11, 'Williamson', 'Hulda');
INSERT INTO public.author (author_id, author_lastname, author_firstname) VALUES (12, 'Tromp', 'Marquis');
INSERT INTO public.author (author_id, author_lastname, author_firstname) VALUES (13, 'Jast', 'Brendan');
INSERT INTO public.author (author_id, author_lastname, author_firstname) VALUES (14, 'Goldner', 'Bernard');
INSERT INTO public.author (author_id, author_lastname, author_firstname) VALUES (41, 'Spencer', 'Willy');
INSERT INTO public.author (author_id, author_lastname, author_firstname) VALUES (42, 'Oberbrunner', 'Wilber');
INSERT INTO public.author (author_id, author_lastname, author_firstname) VALUES (43, 'Lehner', 'Milan');
INSERT INTO public.author (author_id, author_lastname, author_firstname) VALUES (44, 'Botsford', 'Cesar');
INSERT INTO public.author (author_id, author_lastname, author_firstname) VALUES (45, 'Kulas', 'Lexie');




INSERT INTO public.editor (editor_id, editor_name, editor_address) VALUES (1, 'Athabasca University Press', '0202 Beer Place, East Hedwigside, MN 07910');
INSERT INTO public.editor (editor_id, editor_name, editor_address) VALUES (2, 'Earthscan', 'Suite 421 0625 Augustine Coves, Port Herschel, VA 39041');
INSERT INTO public.editor (editor_id, editor_name, editor_address) VALUES (3, 'Harper & Row', '21373 Grady Throughway, Morissetteview, IA 08689-4846');
INSERT INTO public.editor (editor_id, editor_name, editor_address) VALUES (27, 'Ian Allan Publishing', '98922 Willy Light, South Loydmouth, AL 94254-8652');
INSERT INTO public.editor (editor_id, editor_name, editor_address) VALUES (28, 'Ten Speed Press', '794 Ruecker Fords, Dustyfort, NC 84111-7662');
INSERT INTO public.editor (editor_id, editor_name, editor_address) VALUES (29, 'New Holland Publishers', 'Suite 887 32864 Jerry Pass, New Carroll, GA 12394');
INSERT INTO public.editor (editor_id, editor_name, editor_address) VALUES (30, 'Felony & Mayhem Press', 'Suite 731 6066 Towne Station, North Lelandland, VT 87275-1900');
INSERT INTO public.editor (editor_id, editor_name, editor_address) VALUES (31, 'E. P. Dutton', 'Suite 366 517 Ziemann Hill, Jacobimouth, NM 07047');
INSERT INTO public.editor (editor_id, editor_name, editor_address) VALUES (32, 'Bison Books', '399 Oneida Highway, New Ericside, PA 48841');
INSERT INTO public.editor (editor_id, editor_name, editor_address) VALUES (33, 'Eerdmans Publishing', 'Suite 849 1898 Rhonda Lodge, Morarberg, AK 97293');
INSERT INTO public.editor (editor_id, editor_name, editor_address) VALUES (34, 'Liberty Fund', 'Suite 251 463 Schumm Fields, East Ericahaven, ME 52763');




INSERT INTO public.category (category_id, category_name, category_description) VALUES (1, 'Short story', 'Alla till mig!');
INSERT INTO public.category (category_id, category_name, category_description) VALUES (2, 'Speech', 'Surrender to my will!');
INSERT INTO public.category (category_id, category_name, category_description) VALUES (3, 'Suspense/Thriller', '¡Apagando las luces!');
INSERT INTO public.category (category_id, category_name, category_description) VALUES (27, 'Legend', 'Here ya go!');
INSERT INTO public.category (category_id, category_name, category_description) VALUES (28, 'Speech', 'Activating Self Destruct Sequence.');
INSERT INTO public.category (category_id, category_name, category_description) VALUES (29, 'Suspense/Thriller', 'Step right up.');
INSERT INTO public.category (category_id, category_name, category_description) VALUES (30, 'Biography/Autobiography', 'Hammer DOWN!');
INSERT INTO public.category (category_id, category_name, category_description) VALUES (31, 'Mythopoeia', 'Dòng zhù! Bùxǔ zǒu!');
INSERT INTO public.category (category_id, category_name, category_description) VALUES (32, 'Humor', 'Step right up.');
INSERT INTO public.category (category_id, category_name, category_description) VALUES (33, 'Short story', 'Freeze! Don''t move!');
INSERT INTO public.category (category_id, category_name, category_description) VALUES (34, 'Fable', 'Géill do mo thoil!');




INSERT INTO public.library (library_code, library_name, library_address) VALUES (24, 'Collins, Gusikowski and Thiel', 'Suite 226 7304 Lamont Pike, New Adalinechester, IN 35089');
INSERT INTO public.library (library_code, library_name, library_address) VALUES (25, 'Gulgowski, Torphy and Rau', '39630 Gail Lake, Charmainestad, IN 29054-7180');
INSERT INTO public.library (library_code, library_name, library_address) VALUES (26, 'Hamill-Goodwin', 'Suite 656 4589 Brett Spur, Erikland, WI 98708');
INSERT INTO public.library (library_code, library_name, library_address) VALUES (27, 'Harris LLC', '023 Carroll Ways, New Celestineland, AK 41369-6153');
INSERT INTO public.library (library_code, library_name, library_address) VALUES (28, 'Stiedemann-Feeney', '989 Suzette Cove, Port Opalmouth, ND 19189');
INSERT INTO public.library (library_code, library_name, library_address) VALUES (29, 'Sawayn-Dare', 'Suite 894 5637 Vanessa Drives, Carterland, ID 15615');
INSERT INTO public.library (library_code, library_name, library_address) VALUES (30, 'Skiles-Schowalter', '716 Kanesha Center, Hyattstad, NJ 69466-4228');
INSERT INTO public.library (library_code, library_name, library_address) VALUES (31, 'Hessel-Schuster', 'Apt. 225 1721 Joseph Walks, Lake Dorian, RI 82919-6027');




INSERT INTO public.catalog (catalog_id, catalog_name, library_code) VALUES (56, 'Wine and Spirits', 27);
INSERT INTO public.catalog (catalog_id, catalog_name, library_code) VALUES (57, 'Civic & Social Organization', 28);
INSERT INTO public.catalog (catalog_id, catalog_name, library_code) VALUES (58, 'Public Policy', 29);
INSERT INTO public.catalog (catalog_id, catalog_name, library_code) VALUES (59, 'Transportationg / Trucking / Railroad', 30);
INSERT INTO public.catalog (catalog_id, catalog_name, library_code) VALUES (60, 'Marketing and Advertising', 31);
INSERT INTO public.catalog (catalog_id, catalog_name, library_code) VALUES (47, 'Electrical / Electronic Manufacturing', 24);
INSERT INTO public.catalog (catalog_id, catalog_name, library_code) VALUES (48, 'Computer Games', 24);
INSERT INTO public.catalog (catalog_id, catalog_name, library_code) VALUES (49, 'Motion Pictures and Film', 24);
INSERT INTO public.catalog (catalog_id, catalog_name, library_code) VALUES (50, 'Transportationg / Trucking / Railroad', 25);
INSERT INTO public.catalog (catalog_id, catalog_name, library_code) VALUES (51, 'Automotive', 25);
INSERT INTO public.catalog (catalog_id, catalog_name, library_code) VALUES (52, 'E-Learning', 25);
INSERT INTO public.catalog (catalog_id, catalog_name, library_code) VALUES (53, 'Building Materials', 26);
INSERT INTO public.catalog (catalog_id, catalog_name, library_code) VALUES (54, 'Hospital & Health Care', 26);
INSERT INTO public.catalog (catalog_id, catalog_name, library_code) VALUES (55, 'Construction', 26);




INSERT INTO public.bookshelf (bookshelf_id, bookshelf_name, bookshelf_description, book_number, library_code) VALUES (46, 'Hera', 'Enterprise-wide dedicated structure', 5, 24);
INSERT INTO public.bookshelf (bookshelf_id, bookshelf_name, bookshelf_description, book_number, library_code) VALUES (47, 'Poseidon', 'Re-engineered bifurcated architecture', 3, 24);
INSERT INTO public.bookshelf (bookshelf_id, bookshelf_name, bookshelf_description, book_number, library_code) VALUES (48, 'Artemis', 'Reduced eco-centric interface', 14, 24);
INSERT INTO public.bookshelf (bookshelf_id, bookshelf_name, bookshelf_description, book_number, library_code) VALUES (49, 'Hades', 'Monitored maximized open architecture', 2, 25);
INSERT INTO public.bookshelf (bookshelf_id, bookshelf_name, bookshelf_description, book_number, library_code) VALUES (50, 'Hades', 'Reverse-engineered modular encoding', 7, 25);
INSERT INTO public.bookshelf (bookshelf_id, bookshelf_name, bookshelf_description, book_number, library_code) VALUES (51, 'Ares', 'Optimized multi-tasking customer loyalty', 4, 25);
INSERT INTO public.bookshelf (bookshelf_id, bookshelf_name, bookshelf_description, book_number, library_code) VALUES (52, 'Poseidon', 'Seamless real-time system engine', 12, 26);
INSERT INTO public.bookshelf (bookshelf_id, bookshelf_name, bookshelf_description, book_number, library_code) VALUES (53, 'Hermes', 'Horizontal exuding knowledge base', 1, 26);
INSERT INTO public.bookshelf (bookshelf_id, bookshelf_name, bookshelf_description, book_number, library_code) VALUES (54, 'Artemis', 'De-engineered 4th generation orchestration', 16, 26);



INSERT INTO public.book (isbn, book_title, book_description, book_price, publication_date, catalog_id, editor_id, category_id, image_path, popular_book) VALUES ('9781889420813', 'The Glory and the Dream', 'Extended disintermediate throughput', 150.18, '2020-06-29', 56, 30, 30, 'https://placeimg.com/300/400/nature', false);
INSERT INTO public.book (isbn, book_title, book_description, book_price, publication_date, catalog_id, editor_id, category_id, image_path, popular_book) VALUES ('9790833809161', 'Pale Kings and Princes', 'Profound context-sensitive functionalities', 7.55, '2020-05-30', 57, 31, 31, 'https://placeimg.com/300/400/nature', false);
INSERT INTO public.book (isbn, book_title, book_description, book_price, publication_date, catalog_id, editor_id, category_id, image_path, popular_book) VALUES ('9790468460225', 'If I Forget Thee Jerusalem', 'Diverse 6th generation standardization', 190.16, '2020-09-11', 58, 32, 32, 'https://placeimg.com/300/400/nature', false);
INSERT INTO public.book (isbn, book_title, book_description, book_price, publication_date, catalog_id, editor_id, category_id, image_path, popular_book) VALUES ('9790999977582', 'The Violent Bear It Away', 'Synergized transitional monitoring', 48.88, '2020-04-08', 59, 33, 33, 'https://placeimg.com/300/400/nature', false);
INSERT INTO public.book (isbn, book_title, book_description, book_price, publication_date, catalog_id, editor_id, category_id, image_path, popular_book) VALUES ('9780675138789', 'The Torment of Others', 'Profound transitional structure', 122.73, '2020-08-03', 60, 34, 34, 'https://placeimg.com/300/400/nature', false);


INSERT INTO public.member (member_id, member_lastname, member_firstname, member_email, member_address, member_password) VALUES (1, 'kisseime', 'TEVOT', 'ktevot@gmail.com', 'new address', 'new pass');


INSERT INTO public.book_author (author_id, isbn) VALUES (2, '9781889420813');
INSERT INTO public.book_author (author_id, isbn) VALUES (2, '9790833809161');
INSERT INTO public.book_author (author_id, isbn) VALUES (2, '9790468460225');
INSERT INTO public.book_author (author_id, isbn) VALUES (2, '9790999977582');
INSERT INTO public.book_author (author_id, isbn) VALUES (2, '9780675138789');
